{
"designState": {
	"calculationParameters": {
		"Draft_design": 6.5
	}
},
"structure": {
	"hull": {
		"attributes": {
			"LOA": 110,
			"BOA": 20,
			"Depth": 8},
		"halfBreadths": {
				"waterlines": [0, 0.2, 0.4, 0.6, 0.8, 1, 1.2, 1.4, 1.6, 1.8],
				"stations": [0, 0.1, 0.2, 0.3, 0.4, 0.5, 0.6, 0.7, 0.8, 0.9, 1],
				"table": [
					[0, 0, 0, 0, 0, 0, 0, 0, 0, 0, null],
					[0, 0, 0, 0.07017543859649122, 0.4789473684210526, 0.5605263157894737, 0.513157894736842, 0.38947368421052636, 0.21403508771929824, 0.06315789473684211, null],
					[0.27017543859649124, 0.637719298245614, 0.7456140350877193, 0.8114035087719298, 0.8482456140350877, 0.8464912280701754, 0.7789473684210527, 0.6342105263157894, 0.40350877192982454, 0.15789473684210525, null],
					[0.7929824561403508, 0.8385964912280702, 0.874561403508772, 0.9052631578947369, 0.9263157894736842, 0.9342105263157895, 0.8903508771929824, 0.7728070175438597, 0.5482456140350876, 0.25789473684210523, 0],
					[0.8464912280701754, 0.8833333333333333, 0.9131578947368421, 0.9350877192982456, 0.9535087719298244, 0.9631578947368421, 0.9333333333333333, 0.8447368421052632, 0.6517543859649122, 0.3570175438596491, 0.04035087719298246],
					[0.863157894736842, 0.900877192982456, 0.9289473684210526, 0.9508771929824561, 0.9692982456140351, 0.9798245614035087, 0.9587719298245614, 0.8956140350877193, 0.7359649122807018, 0.45526315789473687, 0.08508771929824561],
					[0.8789473684210526, 0.9166666666666666, 0.943859649122807, 0.9666666666666666, 0.9833333333333334, 0.9929824561403509, 0.981578947368421, 0.9385964912280701, 0.8070175438596491, 0.5491228070175438, 0.1385964912280702],
					[0.8850877192982456, 0.9236842105263157, 0.9508771929824561, 0.9710526315789474, 0.987719298245614, 1, 0.9991228070175439, 0.9736842105263157, 0.8710526315789473, 0.6456140350877193, 0.21140350877192984],
					[null, null, null, null, null, null, null, 0.9780701754385965, 0.8885964912280702, 0.6947368421052631, 0.2807017543859649],
					[null, null, null, null, null, null, null, null, null, null, 0.3263157894736842]
				]
			},
			"buttockHeights": {}
		},
		"decks": {
			"WheelHouseTop": {
				"zFloor": 100,
				"thickness": 0.3,
				"xAft": 65,
				"xFwd": 85,
				"yCentre": 0,
				"breadth": 18,
				"density": 1500
			},
			"BridgeDeck": {
				"zFloor": 100,
				"thickness": 0.3,
				"xAft": 62,
				"xFwd": 88,
				"yCentre": 0,
				"breadth": 18,
				"density": 1500
			},
			"Cdeck": {
				"zFloor": 100,
				"thickness": 0.3,
				"xAft": 55,
				"xFwd": 88,
				"yCentre": 0,
				"breadth": 18,
				"density": 1500
			},
			"Bdeck": {
				"zFloor": 100,
				"thickness": 0.3,
				"xAft": 55,
				"xFwd": 88,
				"yCentre": 0,
				"breadth": 18,
				"density": 1500
			},
			"Adeck": {
				"zFloor": 100,
				"thickness": 0.3,
				"xAft": 50,
				"xFwd": 88,
				"yCentre": 0,
				"breadth": 18,
				"density": 1500
			},
			"MainDeck": {
				"zFloor": 100,
				"thickness": 0.3,
				"xAft": 0,
				"xFwd": 110,
				"yCentre": 0,
				"breadth": 18,
				"density": 1500
			},
			"TweenDeck": {
				"zFloor": 100,
				"thickness": 0.3,
				"xAft": 0,
				"xFwd": 110,
				"yCentre": 0,
				"breadth": 18,
				"density": 1500
			},
			"TankTop": {
				"zFloor": 1.5,
				"thickness": 0.3,
				"xAft": 0,
				"xFwd": 110,
				"yCentre": 0,
				"breadth": 18,
				"density": 1500
			}
		},
		"bulkheads": {
			"AB": {
				"xAft": 0,
				"thickness": 0.1,
				"density": 7850
			}
		}
	},
"baseObjects": 
[{"id":"crane","boxDimensions":{"length":9.1,"breadth":1,"height":2.5}, "file3D":"crane.stl"}, {"id":"Main_Deck_Winch1","boxDimensions":{"length":2.5,"breadth":7.5,"height":2}, "file3D":"Main_Deck_Winch1.stl"},{"id":"Deck_Winch","boxDimensions":{"length":1.2,"breadth":3,"height":2}, "file3D":"Deck_Winch.stl"}, {"id":"Main_Deck_Room","boxDimensions":{"length":40,"breadth":19,"height":4}, "file3D":"Main_Deck_Room.stl"}, {"id":"Bollard","boxDimensions":{"length":2,"breadth":0.8,"height":1},"file3D":"Bollard.stl"}, {"id":"Tween_Deck_Engine_Room_bk","boxDimensions":{"length":35,"breadth":14,"height":3.5},"file3D":"Tween_Deck_Engine_Room_bk.stl"}, {"id":"Genset","boxDimensions":{"length":6.5,"breadth":2.7,"height":3},"file3D":"Genset.stl"}, {"id":"Main_Genset","boxDimensions":{"length":8.5,"breadth":3.5,"height":4},"file3D":"Main_Genset.stl"},{"id":"Mud_Tank","boxDimensions":{"length":4,"breadth":-4,"height":7},"file3D":"Mud_Tank.stl"}, {"id":"Mud_Tank_Starboard","boxDimensions":{"length":4,"breadth":4,"height":7},"file3D":"Mud_Tank.stl"},{"id":"Pump_Mud","boxDimensions":{"length":0.8,"breadth":3.8,"height":3.8},"file3D":"Pump_Mud.stl"}, 
{"id":"Pump_Mud_Starboard","boxDimensions":{"length":0.8,"breadth":-3.8,"height":3.8},"file3D":"Pump_Mud.stl"},
{"id":"Heat_Exchanger","boxDimensions":{"length":1.5,"breadth":2,"height":2.5},"file3D":"Heat_Exchanger.stl"}, 
{"id":"Switch_Board","boxDimensions":{"length":1,"breadth":3,"height":3},"file3D":"Switch_Board.stl"},
{"id":"Human_Model","boxDimensions":{"length":0.3,"breadth":0.6,"height":1.7},"file3D":"Human_Model.stl"},
{"id":"Propulsion","boxDimensions":{"length":-2.6,"breadth":3.3,"height":6.2},"file3D":"Propulsion.stl"},
{"id":"Compressor","boxDimensions":{"length":2.7,"breadth":1.5,"height":1.2},"file3D":"Compressor.stl"},
{"id":"Stair","boxDimensions":{"length":2.5,"breadth":1.2,"height":3.5},"file3D":"Stair.stl"},
{"id":"Air_Tank","boxDimensions":{"length":6,"breadth":2.5,"height":3},"file3D":"Air_Tank.stl"},
{"id":"CO2_Tank","boxDimensions":{"length":0.6,"breadth":0.6,"height":4},"file3D":"CO2_Tank.stl"},
{"id":"Pump_Fueloil","boxDimensions":{"length":1,"breadth":1,"height":1.8},"file3D":"Pump_Fueloil.stl"}, {"id":"Transvers_Thruster","boxDimensions":{"length":2,"breadth":3,"height":3},"file3D":"Transvers_Thruster.stl"},
{"id":"Thruster_Motor","boxDimensions":{"length":0.8,"breadth":0.8,"height":1.6},"file3D":"Thruster_Motor.stl"},
{"id":"Propulsion_Room","boxDimensions":{"length":12,"breadth":14,"height":3.5},"file3D":"Propulsion_Room.stl"}],
    
    
    

"derivedObjects": [{"id":"crane_1","baseObject":"crane","affiliations":{},"referenceState":{"xCentre":48,"yCentre":-8,"zBase":14}, "rotation": {"xRotation": 0, "yRotation":0, "zRotation":0}, "scale": {"xScale":1, "yScale":1, "zScale":1}},{"id":"crane_2","baseObject":"crane","affiliations":{},"referenceState":{"xCentre":48,"yCentre":8,"zBase":14}}, 
                   
{"id":"Main_Deck_Winch1_1","baseObject":"Main_Deck_Winch1", "affiliations":{},"referenceState": {"xCentre":52,"yCentre":0,"zBase":14}}, {"id":"Deck_Winch_1","baseObject":"Deck_Winch", "affiliations":{},"referenceState": {"xCentre":52,"yCentre":-8,"zBase":10}}, {"id":"Deck_Winch_2","baseObject":"Deck_Winch", "affiliations":{},"referenceState": {"xCentre":52,"yCentre":8,"zBase":10}},
                   
{"id":"Main_Deck_Room","baseObject":"Main_Deck_Room", "affiliations":{},"referenceState": {"xCentre":80,"yCentre":0,"zBase":100}},
                   
{"id":"Bollard_1", "baseObject":"Bollard", "affiliations":{},"referenceState": {"xCentre":2,"yCentre":8.5,"zBase":10}}, {"id":"Bollard_2", "baseObject":"Bollard", "affiliations":{},"referenceState": {"xCentre":2,"yCentre":-8.5,"zBase":10}}, {"id":"Bollard_3", "baseObject":"Bollard", "affiliations":{},"referenceState": {"xCentre":20,"yCentre":8.5,"zBase":10}}, {"id":"Bollard_4", "baseObject":"Bollard", "affiliations":{},"referenceState": {"xCentre":20,"yCentre":-8.5,"zBase":10}}, {"id":"Bollard_5", "baseObject":"Bollard", "affiliations":{},"referenceState": {"xCentre":40,"yCentre":8.5,"zBase":10}}, {"id":"Bollard_6", "baseObject":"Bollard", "affiliations":{},"referenceState": {"xCentre":40,"yCentre":-8.5,"zBase":10}}, {"id":"Bollard_7", "baseObject":"Bollard", "affiliations":{},"referenceState": {"xCentre":55,"yCentre":8.5,"zBase":10}}, {"id":"Bollard_8", "baseObject":"Bollard", "affiliations":{},"referenceState": {"xCentre":55,"yCentre":-8.5,"zBase":10}}, 
                   
{"id":"Tween_Deck_Engine_Room_bk",